Store Name,Operating Hours,Food Item,Price ($),Availability (Time),Availability (Day)
Yong Tau Foo,0800 - 2000,Wanton Mee,$3.00 ,AM & PM,Everyday
Yong Tau Foo,0800 - 2000,Dumpling Mee,$3.80 ,AM & PM,Monday
Yong Tau Foo,0800 - 2000,Bar Chor Mee,$1.00 ,AM & PM,Wednesday
Yong Tau Foo,0800 - 2000,Tomyam Noodle,$2.50 ,AM & PM,Everyday
Yong Tau Foo,0800 - 2000,Laksa Noodle ,$2.80 ,AM & PM,Everyday
Chicken Rice,0800 - 2000,Chicken Rice,$2.50 ,AM & PM,Everyday
Chicken Rice,0800 - 2000,Roast Chicken Rice,$2.50 ,AM & PM,Everyday
Chicken Rice,0800 - 2000,Char Siew Rice,$3.00 ,PM,Everyday
Chicken Rice,0800 - 2000,Roasted Meat Rice,$3.00 ,PM,Everyday
Western Food,0800 - 2000,Breakfast set 1,$3.50 ,AM,Everyday
Western Food,0800 - 2000,Breakfast set 2,$3.50 ,AM,Friday
Western Food,0800 - 2000,Chicken Chop,$5.00 ,PM,Everyday
Western Food,0800 - 2000,Fish and Chips,$5.00 ,PM,Everyday
Western Food,0800 - 2000,Steak,$7.00 ,PM,Monday
Western Food,0800 - 2000,Lamb Chop,$7.50 ,PM,Wednesday
Western Food,0800 - 2000,Bangers and Mash,$4.00 ,PM,Friday
Western Food,0800 - 2000,Bolognese Spaghetti,$5.00 ,PM,Everyday
Mini Wok,0800 - 2000,Fried Rice,$3.00 ,AM & PM,Everyday
Mini Wok,0800 - 2000,Sambal Fried Rice,$3.50 ,PM,Everyday
Mini Wok,0800 - 2000,Chilli Beef Rice,$5.00 ,PM,Everyday
Mini Wok,0800 - 2000,Seafood Horfun,$5.00 ,PM,Friday
Mini Wok,0800 - 2000,Beef Horfun,$5.00 ,PM,Thursday
Japanese,0800 - 2000,Omu Rice,$3.50 ,AM & PM,Everyday
Japanese,0800 - 2000,Saba Fish Set,$3.50 ,AM & PM,Everyday
Japanese,0800 - 2000,Sashimi Platter,$3.00 ,PM,Everyday
Japanese,0800 - 2000,Sushi Platter,$3.00 ,PM,Tuesday
Japanese,0800 - 2000,Tempura Set,$3.00 ,PM,Thursday
Indian Cuisine,0800 - 2000,Samosa,$0.70 ,AM & PM,Wednesday
Indian Cuisine,0800 - 2000,Chicken Masala,$3.00 ,PM,Everyday
Indian Cuisine,0800 - 2000,Plain Prata,$0.70 ,AM & PM,Everyday
Indian Cuisine,0800 - 2000,Egg Prata,$1.10 ,AM & PM,Everyday
Indian Cuisine,0800 - 2000,Cheese Prata,$1.50 ,AM & PM,Everyday
Indian Cuisine,0800 - 2000,Mutton Masala,$3.00 ,PM,Tuesday